[
    {
        "name": "Mindfulness",
        "color": {
            "h": 0.85,
            "s": 0.5,
            "b": 0.8
        }
    },
    {
        "name": "Exercise",
        "color": {
            "h": 0.25,
            "s": 1,
            "b": 0.9
        }
    },
    {
        "name": "Eating",
        "color": {
            "h": 0.5,
            "s": 0.5,
            "b": 0.8
        }
    },
    {
        "name": "Sleeping",
        "color": {
            "h": 0.75,
            "s": 0.9,
            "b": 0.2
        }
    },
    {
        "name": "Culture",
        "color": {
            "h": 0.2,
            "s": 0.4,
            "b": 0.75
        }
    },
    {
        "name": "Civic Participation",
        "color": {
            "h": 0.55,
            "s": 0.4,
            "b": 0.75
        }
    },
    {
        "name": "Creativity",
        "color": {
            "h": 0.6,
            "s": 0.3,
            "b": 0.9
        }
    }
]
